pregnancies,GLUCOSE,BLOODPRESSURE,SKINTHICKNESS,insulin,bmi,diabetespedigreefunction,age,outcome,random_notes,empty_col
3.0,176.0,86.0,27.0,156.0,33.3,1.154,52.0,1.0,note2,
,,80.0,32.0,0.0,41.0,0.346,37.0,1.0,note2,
3.0,61.0,82.0,28.0,0.0,34.4,0.243,46.0,0.0,###,
9.0,152.0,,34.0,,N/A,N/A,33.0,1.0,Lorem,
1.0,107.0,50.0,19.0,0.0,28.3,0.181,29.0,0.0,??,
9.0,106.0,52.0,0.0,0.0,31.2,,42.0,0.0,###,
4.0,129.0,86.0,20.0,270.0,35.1,0.231,23.0,unknown,note1,
2.0,117.0,90.0,19.0,71.0,25.2,??,21.0,null,Lorem,
10.0,133.0,??,0.0,0.0,27.0,0.245,36.0,,note1,
2.0,121.0,70.0,32.0,N/A,39.1,0.886,23.0,??,note2,
,107.0,80.0,0.0,0.0,24.6,0.856,34.0,,??,
4.0,,0.0,,0.0,28.0,0.61, ,0.0,note2,
10.0,115.0, ,0.0,0.0,null,0.261,,1.0,note1,
3.0,N/A,80.0,33.0,130.0,33.2,0.305,26.0,0.0,??,
,153.0,82.0,42.0,485.0,40.6,0.687,23.0,0.0,Lorem,
,158.0,70.0,30.0,328.0,35.5,0.344,,1.0,??,
1.0,95.0,74.0,21.0,73.0,-,0.673,36.0,0.0,??,
3.0,-,54.0,21.0,158.0,30.9,0.292,24.0,0.0,,
9.0,??,76.0,37.0,0.0,32.9,0.665,,1.0,###,
4.0,132.0,N/A,0.0,0.0,32.9,0.302,23.0,1.0,note2,
7.0,,70.0,33.0,215.0,,0.161,-,0.0,###,
3.0,99.0,54.0,,86.0,25.6,0.154,,0.0,###,
7.0,179.0,95.0,null,0.0,34.2,0.164,60.0,0.0,Lorem,
0.0,131.0,0.0,,0.0,,0.27,-,1.0,Lorem,
7.0,196.0,??,0.0,0.0,39.8,0.451,41.0,1.0,,
8.0,N/A,72.0,19.0,0.0,23.1,1.476,46.0,0.0,,
2.0,144.0,,33.0,,N/A,0.422,25.0,1.0,Lorem,
null,87.0,80.0,0.0,0.0,23.2,0.084,32.0,0.0,###,
2.0,105.0,75.0,0.0,0.0,23.3,0.56,N/A,0.0,??,
4.0,146.0,,unknown,unknown,38.5,0.52,67.0,,###,
11.0,,94.0,33.0,146.0,36.6,0.254,51.0,1.0,??,
0.0,102.0,,0.0,0.0,25.1,0.078,21.0,0.0,###,
3.0,84.0,68.0,30.0,106.0,,0.591,-,0.0,note1,
N/A,116.0,0.0,0.0,0.0,23.5,0.187,23.0,0.0,note2,
1.0,71.0,48.0,18.0,76.0,20.4,0.323,22.0,0.0,note2,
,170.0,74.0,31.0,,44.0,0.403,,1.0,Lorem,
1.0,108.0,,46.0, ,35.5,0.415,,0.0,note1,
10.0,139.0,80.0,0.0,0.0,27.1,1.441,57.0,0.0,note1,
7.0,187.0,68.0,39.0,304.0,37.7,null,41.0,1.0,??,
1.0,88.0,62.0,null,44.0,29.9,N/A,23.0,,note2,
6.0,134.0,80.0,,370.0,46.2,0.238,,1.0,Lorem,
5.0,99.0,74.0,27.0,0.0,29.0,0.203,,0.0,Lorem,
1.0,173.0,74.0,0.0,,null,0.088,38.0,1.0,###,
0.0,119.0,66.0,27.0,0.0,38.8,,,,,
1.0,71.0,48.0,18.0,76.0,20.4,0.323,22.0,0.0,###,
unknown,114.0,,-,0.0,32.8,0.258,,1.0,note1,
,88.0,66.0,21.0,23.0,24.4,0.342,30.0,,Lorem,
2.0,101.0,58.0,35.0,null,21.8,0.155,22.0,0.0,note2,
5.0,78.0,48.0,N/A,0.0,,0.654,25.0,0.0,note2,
4.0,114.0,64.0,0.0,??,,0.126,24.0,0.0,,
3.0,112.0,74.0,30.0,0.0,31.6,0.197,25.0,1.0,note2,
2.0,157.0,74.0,35.0,440.0,39.4, ,30.0,0.0,note2,
8.0,,96.0,,0.0,0.0,0.232,54.0,1.0,,
,187.0,-,33.0,392.0,33.9,0.826,34.0,1.0,Lorem,
0.0,,0.0,0.0,0.0,33.8,0.932,44.0,0.0,note1,
6.0,104.0,74.0,18.0,156.0,N/A,0.722,41.0,null,###,
6.0,123.0,72.0,45.0,230.0,33.6,,34.0,0.0,??,
2.0,,0.0,0.0,0.0,19.6,0.832,72.0,0.0,??,
3.0,,,15.0,105.0,26.3,0.107,24.0,,,
8.0,,??,20.0,0.0,24.4,0.136,42.0,0.0,###,
2.0,197.0,,unknown,0.0,34.7,,,1.0,###,
,126.0,60.0,,0.0,30.1,0.349,47.0,1.0,Lorem,
0.0,146.0,70.0,0.0,0.0,37.9,0.334,28.0,N/A,Lorem,
6.0,,78.0,0.0,0.0,31.2,-,42.0,0.0,###,
0.0, ,52.0,10.0,36.0,27.8,0.269,22.0,0.0,??,
0.0,135.0,,46.0,N/A,,0.284,26.0,0.0,note2,
8.0,155.0,??,26.0,495.0,34.0,0.543,46.0,1.0,Lorem,
13.0,,82.0,??,110.0,null,0.245,57.0,,note1,
0.0,unknown,80.0,0.0,0.0,,0.601,27.0,0.0,###,
,122.0,52.0,,158.0,36.2,0.816,28.0,0.0,,
13.0,126.0,90.0,0.0,0.0,43.4,0.583,42.0,,note1,
, ,76.0,0.0,,45.3,0.194,46.0,,Lorem,
2.0,68.0,unknown,13.0,unknown,20.1,0.257,23.0,0.0,??,
13.0,106.0,70.0,0.0,0.0,-,??,52.0,,###,
4.0,92.0,80.0,??,0.0,42.2,,29.0,0.0,###,
5.0,115.0,76.0,0.0,0.0,,0.343, ,,note2,
10.0,122.0,,0.0,0.0,,0.258,41.0,0.0,??,
,103.0,66.0,32.0,0.0,39.1,0.344,31.0,1.0,note2,
1.0,89.0,66.0,,94.0,28.1,0.167,21.0,0.0,,
0.0,105.0,,41.0,142.0,41.5,0.173,,0.0,note1,
1.0,101.0,50.0,null,,24.2,0.526,26.0,0.0,###,
3.0,158.0,76.0,36.0,,31.6,0.851,28.0,,note2,
2.0,99.0,60.0,17.0,160.0,36.6,0.453,21.0,0.0,??,
1.0,85.0,66.0, ,0.0,26.6, ,31.0,0.0,,
,117.0,80.0,31.0,53.0,45.2,0.089,24.0,0.0,note2,
0.0,93.0,,,0.0,unknown,0.263,25.0,??,note1,
3.0,99.0,62.0,19.0,74.0,21.8,0.279,26.0,,###,
8.0,,90.0,35.0,225.0,34.5,N/A,37.0,1.0,note2,
3.0,82.0,70.0,0.0,,21.1,0.389,25.0,0.0,Lorem,
4.0,147.0,74.0,25.0,unknown,34.9,0.385,30.0,0.0,,
13.0,106.0,72.0,54.0,0.0,36.6,null,45.0,0.0,,
0.0,113.0,76.0,0.0,0.0,33.3,0.278,,1.0,??,
4.0,97.0,60.0,23.0,0.0,28.2,0.443,22.0,0.0,,
4.0,109.0,64.0,,99.0,,0.905,26.0,1.0,??,
2.0,175.0,,??,0.0,22.9,0.326,22.0,0.0,note2,
1.0, ,30.0,42.0,99.0,55.0,0.496,26.0,1.0,Lorem,
10.0,125.0,70.0,26.0,115.0,31.1,0.205,41.0,1.0,note2,
null,111.0,,47.0,207.0,37.1,1.39,56.0,1.0,note2,
0.0,137.0,70.0,38.0,??,,,22.0,null,###,
4.0,147.0,74.0,25.0,unknown,34.9,0.385,30.0,0.0,Lorem,
1.0, ,30.0,42.0,99.0,55.0,0.496,26.0,1.0,###,
1.0,126.0,56.0,29.0,152.0,28.7,0.801,21.0,0.0,###,
3.0,99.0,54.0,,86.0,25.6,0.154,,0.0,Lorem,
0.0,,56.0,13.0,105.0,21.8,,21.0,0.0,###,
8.0,154.0,78.0,32.0,0.0,32.4,??,45.0,unknown,,
1.0,181.0,78.0,42.0,293.0,40.0,1.258,22.0, ,Lorem,
10.0,N/A,-,0.0,0.0,33.3,0.263,38.0,0.0,note2,
9.0,,62.0,N/A,0.0,22.5,0.142,33.0,0.0,??,
,99.0,72.0,17.0,0.0,25.6,0.294,null,0.0,note1,
unknown,72.0,78.0,,0.0,31.6,0.28,38.0,0.0,###,
2.0,101.0,58.0,35.0,null,21.8,0.155,22.0,0.0,??,
0.0,129.0,,0.0,0.0,31.2,0.703,29.0,0.0,note2,
0.0,138.0,0.0,0.0,0.0,36.3,0.933,25.0,1.0,,
4.0,154.0,62.0,31.0,284.0,,0.237,23.0,0.0,??,
3.0,99.0,80.0,11.0,64.0,19.3,0.284,30.0,0.0,??,
1.0,100.0,72.0,12.0, ,25.3,null,null,0.0,note1,
 ,128.0,88.0,39.0,110.0,36.5,N/A,37.0,1.0,note1,
3.0,173.0,84.0,33.0,,,0.258,22.0,,note2,
8.0,100.0,76.0,0.0,0.0,38.7,0.19,42.0,N/A,###,
7.0,181.0,84.0,21.0,192.0,35.9,0.586,51.0,1.0,Lorem,
4.0,90.0,??,47.0,54.0,,0.362,29.0,0.0,###,
7.0,81.0,78.0,40.0,null,46.7,0.261,42.0,0.0,,
4.0,146.0,,unknown,unknown,38.5,0.52,67.0,,note2,
1.0,128.0,,17.0,183.0,unknown,0.115,22.0, ,Lorem,
2.0,90.0,70.0,17.0, ,27.3,0.085,22.0,0.0,note1,
N/A,103.0,,32.0,190.0,,0.324,??,0.0,note1,
0.0,95.0,,45.0,92.0,36.5,0.33,26.0,0.0,###,
6.0,93.0, ,30.0,64.0,,0.356,23.0,0.0,###,
7.0,83.0,78.0,26.0,71.0,29.3,null,36.0,0.0,Lorem,
,84.0,,23.0,56.0,39.5,0.159,25.0,,note2,
, ,78.0,31.0,N/A,27.6,,45.0,0.0,,
2.0,74.0,0.0,,0.0,0.0,0.102,22.0,null,note2,
0.0,102.0,,0.0,0.0,25.1,0.078,21.0,0.0,??,
3.0,130.0,64.0,0.0,0.0,23.1,0.314,N/A,,??,
5.0,108.0,72.0,,75.0,??,0.263,,0.0,,
0.0,,76.0,43.0,255.0,47.9,,26.0,0.0,note1,
??,132.0,78.0,0.0,0.0,32.4,0.393,21.0,,###,
1.0,88.0,-,29.0,76.0,32.0,0.365,,0.0,note1,
5.0,116.0,74.0,0.0,0.0,25.6,0.201,30.0,N/A,,
,126.0,86.0,27.0,120.0,27.4,0.515,21.0,,###,
6.0,151.0,62.0,31.0,120.0,null,0.692,28.0,0.0,###,
6.0,,74.0,0.0,0.0,unknown,0.304,66.0,0.0,note1,
6.0,125.0,68.0,30.0,120.0,30.0,0.464,32.0,0.0,###,
1.0,95.0,74.0,21.0,73.0,-,0.673,36.0,0.0,###,
1.0,157.0,72.0,21.0,168.0,25.6,0.123,24.0,0.0,note2,
2.0,108.0,62.0,10.0,278.0,25.3,unknown,22.0,0.0,note2,
0.0,,80.0,34.0,285.0,,0.167,27.0,-,Lorem,
2.0,112.0,,22.0,94.0,,0.315,26.0,0.0,??,
3.0,83.0,58.0,,18.0,34.3,,25.0,0.0,###,
2.0,155.0,74.0,17.0,96.0,26.6,0.433,27.0,1.0,??,
1.0,97.0,64.0,19.0,82.0,,N/A,21.0,0.0,note1,
17.0,,??,41.0,114.0,40.9,0.817,47.0,1.0,note1,
0.0,104.0,-,37.0,64.0,,0.51,22.0,1.0,note2,
4.0,null,72.0,29.0,126.0,31.3,0.338, ,0.0,###,
7.0,159.0,64.0,,0.0,unknown,??,40.0,0.0,??,
8.0,143.0,66.0,0.0,0.0,34.9,0.129,41.0,1.0,###,
4.0,136.0,70.0,0.0,0.0,N/A,1.182,,1.0,note1,
5.0,78.0,48.0,N/A,0.0,,0.654,25.0,0.0,note2,
2.0,,60.0,0.0,??,,0.343,23.0,unknown,###,
,150.0,66.0,42.0,N/A,34.7,0.718,42.0,unknown,note1,
10.0,148.0,84.0,48.0,237.0,37.6,1.001,51.0,,Lorem,
,96.0,64.0,27.0,87.0,33.2,0.289,21.0,0.0,note2,
4.0,148.0,N/A,,318.0,30.9,0.15,29.0,1.0,###,
1.0,84.0,64.0,23.0,115.0,??,,28.0,0.0,###,
1.0,,70.0,30.0,96.0,34.6,0.529,32.0,1.0,note1,
1.0,136.0,74.0,50.0,204.0,37.4,0.399,-,0.0,###,
,,75.0,??,0.0,48.3,0.238,32.0,1.0,note2,
N/A,118.0,64.0,23.0,89.0,0.0,1.731,21.0,,note2,
0.0,57.0,60.0,0.0,0.0,,0.735,67.0,,note1,
1.0,111.0,,13.0,182.0,24.0,0.138,23.0,N/A,note1,
,null,46.0,,83.0,28.7,0.654,22.0,0.0,??,
1.0,164.0,82.0,43.0,67.0,32.8,0.341,,,note2,
??,99.0,76.0,15.0,51.0,23.2,0.223,21.0,0.0,Lorem,
1.0,0.0,48.0,20.0,0.0,24.7,0.14,22.0,0.0,note2,
1.0, ,74.0,22.0,61.0,26.2,0.256,21.0,0.0,note1,
8.0,183.0,64.0,0.0,,23.3,,32.0,,note2,
9.0,145.0,,,,37.9, ,40.0,,??,
0.0,57.0,60.0,0.0,0.0,,0.735,67.0,,??,
,129.0,62.0,unknown,,41.2,,38.0,1.0,??,
0.0,104.0,64.0,23.0,??,,0.454,23.0,,note1,
,99.0,72.0,17.0,0.0,25.6,0.294,null,0.0,###,
1.0,93.0,70.0,31.0,0.0,30.4,0.315,23.0, ,??,
5.0,166.0, ,null,0.0,45.7,0.34,27.0,1.0,note1,
N/A,134.0,72.0,0.0,0.0,23.8,0.277,60.0,1.0,note1,
8.0,,78.0,0.0,-,25.0,0.409,64.0,0.0,??,
,130.0,70.0,0.0,0.0, ,0.652,45.0,1.0,note1,
1.0,-,60.0,37.0,75.0,37.2,0.509,22.0,0.0,note2,
0.0,??,65.0,28.0,0.0,24.6,0.237,,0.0,###,
4.0,183.0,,,0.0,-,,,1.0,###,
2.0,108.0,80.0,unknown,,,0.259,,1.0,,
,187.0,-,33.0,392.0,33.9,0.826,34.0,1.0,note2,
2.0,75.0,64.0,24.0,55.0,29.7,,unknown,0.0,,
4.0,116.0,72.0,12.0,87.0,22.1,0.463,37.0,0.0,note1,
2.0,158.0,90.0,0.0,0.0,,N/A,??,1.0,Lorem,
,81.0, ,22.0,0.0,??,0.29,25.0,0.0,??,
3.0,null,58.0,,194.0,32.9,0.593,36.0,,note1,
1.0,118.0,,36.0,94.0,33.3,0.261,,0.0,###,
8.0,167.0,,46.0,231.0,37.6,0.165,,,note2,
13.0,152.0,,,29.0,26.8,0.731,43.0,1.0,,
2.0,93.0,64.0,-,,38.0,0.674,23.0,N/A,note2,
8.0,109.0,76.0,,unknown,27.9,0.64,-,1.0,,
2.0,125.0,60.0,20.0,140.0,33.8,0.088,,0.0,,
2.0,122.0,70.0,27.0,0.0,36.8,0.34,,0.0,??,
1.0,N/A,86.0,19.0,0.0,,0.143,23.0,0.0,note2,
1.0,82.0,64.0,13.0,95.0,,0.415,23.0,0.0,###,
1.0,173.0,74.0,0.0,,null,0.088,38.0,1.0,note1,
6.0,105.0,80.0,unknown,0.0,null,,26.0,,note2,
1.0,83.0,68.0,0.0,0.0,,0.624,27.0,0.0,###,
1.0,,122.0,0.0,N/A,22.4,0.207,27.0,0.0,??,
0.0,105.0,90.0,0.0,0.0,29.6,0.197,46.0,0.0,Lorem,
,136.0,84.0,41.0,,35.0,,,1.0,note1,
0.0,120.0,74.0,18.0,,30.5,0.285,26.0,,Lorem,
,124.0,60.0,32.0,0.0,,0.514,,0.0,??,
5.0,-,68.0,28.0,??,,0.364,unknown,0.0,###,
3.0,121.0,52.0,??,0.0,36.0,0.127,25.0,1.0,note1,
10.0,111.0,70.0,27.0,0.0,,0.141,??,,,
unknown,89.0,74.0,16.0,85.0,??,0.551,38.0,-,note1,
2.0,129.0,unknown,26.0,,33.2,0.591,25.0,0.0,###,
3.0,106.0,72.0,0.0,0.0,,0.207,,unknown,###,
4.0,129.0,60.0,12.0, ,27.5,0.527,31.0,0.0,note2,
4.0,115.0,72.0,0.0,,28.9,0.376,46.0,1.0,###,
1.0,124.0, ,36.0,0.0,27.8,N/A,30.0,0.0,note1,
0.0,139.0,62.0,17.0,210.0,22.1,0.207,,0.0,,
,null,??,null,0.0,35.9,1.127,,1.0,note1,
,98.0,82.0,15.0,84.0,25.2,0.299,22.0,0.0,note2,
5.0,110.0,68.0,0.0,0.0,26.0,0.292,-,0.0,Lorem,
3.0,96.0,N/A,34.0,115.0,24.7,0.944,39.0,0.0,??,
0.0,N/A,80.0,37.0,210.0,36.3,unknown,23.0,N/A,,
3.0,,74.0,0.0,0.0,30.5,0.345,29.0,,??,
0.0,93.0,100.0,39.0,72.0,43.4,-,35.0,0.0,,
2.0,-,75.0,32.0,0.0,35.7,0.148,21.0,0.0,note2,
5.0,95.0,,33.0,0.0,37.7,0.37,27.0,0.0,note1,
2.0,112.0,78.0,50.0,140.0,39.4,0.175,24.0,0.0,###,
0.0,188.0,82.0,14.0,??,32.0,0.682,22.0,1.0,###,
,120.0,70.0,30.0,135.0,42.9,0.452,30.0,0.0,??,
2.0,85.0,65.0,0.0,,39.6,0.93,,0.0,###,
1.0,,66.0,15.0,??,23.2,,unknown, ,note1,
1.0,114.0,66.0,36.0,200.0,38.1,0.289,21.0,0.0,Lorem,
,119.0,88.0,41.0,170.0,45.3,-,26.0,,??,
0.0,,64.0,46.0,,40.6,0.496,21.0,0.0,??,
N/A,89.0,90.0,30.0,null,33.5,0.292,42.0,N/A,Lorem,
2.0,118.0,80.0,0.0,0.0,42.9,0.693,,1.0,??,
,unknown,104.0,25.0,0.0,,,41.0,1.0,??,
3.0,100.0,68.0,23.0,81.0,31.6,0.949,28.0,N/A,###,
, ,72.0,30.0,82.0,30.8,0.821,24.0,,??,
??,139.0,54.0,0.0,0.0,25.6,0.402,22.0,1.0,Lorem,
3.0,N/A,,39.0,0.0,30.1,null,30.0,0.0,note2,
,,88.0,0.0,,27.8,,66.0,0.0,,
7.0,150.0,78.0,29.0,-,35.2,0.692,54.0,1.0,note2,
6.0,114.0,,,0.0,??,0.189,26.0,0.0,Lorem,
2.0,,-,35.0,194.0,38.2, ,29.0,0.0,??,
,171.0,null,0.0,0.0,??,0.479,-,1.0,??,
4.0,118.0,N/A,,0.0,44.5,0.904,??,0.0,,
1.0,121.0,78.0,39.0,74.0,39.0,0.261,N/A,0.0,??,
3.0,N/A,,39.0,0.0,30.1,null,30.0,0.0,??,
1.0,91.0,54.0,25.0,100.0,25.2,0.234,23.0,0.0,###,
1.0,122.0,90.0,,,49.7,0.325,,1.0,??,
3.0,87.0,60.0,18.0,0.0,21.8,,21.0,0.0,??,
4.0,117.0,62.0,12.0,0.0,29.7,0.38,null,1.0,??,
8.0,null,68.0,36.0,495.0,30.1,0.615,60.0,1.0,###,
1.0,109.0,56.0,21.0,135.0, ,0.833,23.0,0.0,note1,
7.0,105.0,,0.0,0.0,0.0,-,24.0,0.0,,
8.0,109.0,76.0,,unknown,27.9,0.64,-,1.0,Lorem,
N/A,,68.0,28.0,unknown,35.9,0.745,41.0,1.0,note2,
2.0,83.0,66.0,23.0,,32.2,0.497,N/A,,note1,
6.0,107.0,88.0,0.0,null,36.8,0.727,31.0,0.0,Lorem,
6.0,165.0,??,26.0,168.0,33.6,0.631,,,??,
5.0,,75.0,26.0,0.0,36.0,0.546,60.0,0.0,,
1.0,147.0,94.0,,0.0,49.3,0.358,27.0,1.0,note2,
0.0,102.0,86.0,17.0,,29.3,0.695,,0.0,###,
12.0,,,40.0,54.0,35.3,0.378,48.0,0.0,note2,
1.0,0.0,74.0,20.0,23.0,27.7,0.299,,0.0,Lorem,
1.0,196.0,76.0,36.0,249.0,36.5,0.875,29.0,1.0,note1,
4.0,,82.0,32.0,0.0,38.5,-,37.0,1.0,??,
7.0,,88.0,42.0,321.0,38.2,0.787,40.0,1.0,,
null,-,82.0,0.0,0.0,30.8,0.18,??,-,note2,
3.0,125.0,58.0,0.0,0.0,31.6,0.151,24.0,0.0,note1,
3.0,158.0,unknown,,387.0,,0.295,24.0,0.0,,
0.0,,76.0,56.0,100.0,53.2,0.759,25.0,,###,
1.0,,74.0,17.0,,23.4,0.447,33.0,1.0,note2,
1.0,81.0,72.0,18.0,,26.6,0.283,24.0,0.0,??,
10.0,115.0,98.0,0.0,0.0,24.0,null,34.0,0.0,note1,
2.0,108.0,62.0,,N/A,25.2,,21.0,N/A,###,
6.0,103.0,66.0,0.0,0.0,,0.249,29.0,0.0,,
2.0,,,0.0,0.0,25.6,unknown,29.0,0.0,,
2.0,99.0,,0.0,unknown,22.2,,23.0,0.0,###,
11.0,111.0,84.0,unknown,0.0,46.8,0.925,45.0,1.0,??,
0.0,??,65.0,28.0,0.0,24.6,0.237,,0.0,note2,
2.0,122.0,76.0,27.0,-,null,0.483,N/A,,note2,
N/A,103.0,,32.0,190.0,,0.324,??,0.0,note1,
5.0,,104.0,0.0,0.0,37.7,N/A,52.0,,Lorem,
0.0,101.0,76.0,,0.0,,0.198,26.0,0.0,note2,
1.0,71.0,62.0,0.0,,21.8,0.416,26.0,0.0,note1,
9.0,,null,,0.0,32.8,,45.0,1.0,###,
,124.0,70.0,33.0,402.0,35.4,0.282,34.0,0.0,??,
11.0,120.0,80.0,37.0,150.0,42.3,,48.0,1.0,??,
7.0,114.0,76.0,17.0,110.0,,0.466,31.0,,###,
10.0,108.0,66.0,0.0,0.0,32.4,,??,1.0,,
,180.0,78.0,63.0,14.0,59.4,2.42,,,??,
12.0, ,82.0,43.0,325.0,39.2,0.528,58.0,1.0,Lorem,
2.0,,,34.0,128.0,25.4,-,??,0.0,Lorem,
4.0,N/A,70.0,32.0,,32.1,0.612,24.0,0.0,note2,
1.0,,102.0,28.0,N/A,??,0.234,45.0,1.0,note2,
8.0,112.0,null,,-,23.6,-,58.0,0.0,note1,
7.0,119.0,0.0,0.0,0.0,-,0.209,37.0,0.0,Lorem,
5.0,,84.0,44.0,545.0,38.7,0.619,34.0,0.0,###,
0.0,128.0,68.0,N/A,180.0,30.5,1.391,,1.0,??,
N/A,74.0,68.0,28.0,45.0,29.7,,23.0,0.0,###,
2.0,108.0,52.0,26.0,63.0,32.5,0.318,,0.0,note2,
-,100.0,,60.0,110.0,46.8,,31.0,0.0,??,
,97.0,70.0,40.0,0.0,38.1,0.218,30.0,0.0,note1,
6.0,null,60.0,39.0,,33.7,0.245,N/A, ,,
12.0,140.0,85.0,,,37.4,unknown,41.0,,note1,
 ,,84.0,21.0,0.0,30.8,0.831,32.0,1.0,note2,
12.0,,80.0,,0.0,,0.137,44.0,0.0,Lorem,
,,88.0,0.0,,27.8,,66.0,0.0,??,
7.0,142.0,90.0,,480.0,30.4,0.128,43.0,1.0,Lorem,
,171.0,110.0,24.0,240.0,45.4,0.721,54.0,1.0,Lorem,
3.0,150.0,-,0.0,0.0,21.0,0.207, ,0.0,,
2.0,84.0,0.0,,0.0,,0.304, ,0.0,??,
5.0,124.0,74.0,0.0,0.0,null,0.22,38.0,1.0,,
10.0,N/A,106.0,23.0,49.0,35.5,0.285,,0.0,Lorem,
12.0,151.0,70.0,40.0,271.0,41.8,,38.0,1.0,,
5.0,130.0,82.0,0.0,0.0, ,0.956,??,1.0,,
1.0,143.0,86.0,30.0,-,30.1,0.892,23.0,0.0,###,
2.0,56.0, ,28.0,45.0,24.2,0.332,22.0,0.0,Lorem,
N/A,97.0,70.0,15.0,unknown,18.2,0.147,21.0,,Lorem,
7.0,136.0,74.0,26.0,135.0,26.0,,51.0,0.0,note1,
2.0,-,75.0,32.0,0.0,35.7,0.148,21.0,0.0,??,
unknown,112.0,,32.0,null,34.2,N/A,36.0,1.0,,
0.0,131.0,,0.0,0.0,31.6,0.743,unknown,,,
1.0,157.0,72.0,21.0,168.0,25.6,0.123,24.0,0.0,,
1.0,119.0,44.0,47.0,63.0,35.5,,,0.0,,
2.0,94.0,68.0,18.0,76.0, ,0.561,,0.0,note2,
13.0,106.0,72.0,54.0,0.0,36.6,null,45.0,0.0,Lorem,
8.0,,74.0,38.0,75.0,,,39.0,0.0,Lorem,
2.0,158.0,90.0,0.0,0.0,,N/A,??,1.0,###,
4.0,146.0,92.0,-,0.0, ,,61.0,1.0,??,
,111.0,,0.0,0.0,32.8,0.265,,0.0,,
0.0,??,,,,36.3,0.258,52.0,1.0,,
N/A,unknown,74.0,-,46.0,19.5,0.149,28.0,??,Lorem,
,147.0,80.0,0.0,0.0,29.5,0.178,50.0,1.0,??,
,129.0,64.0,,115.0,26.4,null,,1.0,note1,
,,75.0,30.0,,32.0,0.396,,0.0,,
4.0,-,??,22.0,,,0.148,21.0,0.0,note1,
1.0,,76.0,0.0,,37.5,0.197,,N/A,Lorem,
0.0,,,0.0,0.0,32.3,0.839,30.0,1.0,###,
1.0,95.0,60.0,??,58.0,23.9,0.26,,0.0,note1,
5.0,116.0,74.0,29.0,0.0,32.3,0.66,35.0,1.0,###,
1.0,199.0,null,43.0,0.0,42.9,1.394,??,1.0,Lorem,
0.0,105.0,84.0,0.0,0.0,27.9,0.741,62.0,1.0,note2,
-,146.0,56.0,-,0.0,29.7,0.564,29.0,,###,
4.0,85.0,,22.0,49.0,27.8,??,N/A,,note1,
9.0,,??,15.0,0.0,30.0,1.213,49.0,1.0,Lorem,
,129.0,110.0,46.0,130.0,67.1,0.319,26.0,1.0,Lorem,
7.0,106.0,92.0,18.0,0.0,,0.235,48.0,0.0,note1,
4.0,,58.0,28.0,,29.5,0.287,37.0,0.0,note2,
0.0,104.0,76.0,0.0,0.0,18.4,0.582,27.0,0.0,Lorem,
2.0,112.0,86.0,42.0,160.0,,0.246,,0.0,??,
,,,24.0,0.0,26.0,0.223,,,??,
null,92.0,62.0,25.0,41.0,19.5,0.482,25.0,0.0,###,
10.0,129.0,76.0,28.0,122.0,35.9,0.28,39.0,0.0,??,
0.0,??,60.0,25.0,92.0,28.7,,22.0,0.0,note1,
0.0,102.0,,0.0,0.0,25.1,0.078,21.0,0.0,###,
1.0,95.0,60.0,??,58.0,23.9,0.26,,0.0,note1,
3.0,122.0, ,0.0,0.0,23.0,0.254,40.0,0.0,??,
8.0,155.0,??,26.0,495.0,34.0,0.543,46.0,1.0,??,
3.0,null,70.0,,,31.6,0.268,28.0,1.0,note1,
5.0,104.0,74.0,0.0,,28.8,0.153,,0.0,,
2.0,100.0,70.0,52.0,,unknown,0.677,null,0.0,??,
1.0,93.0,56.0,11.0,0.0,,0.417,22.0,0.0,??,
10.0,101.0,86.0,37.0,,45.6,1.136,,1.0,Lorem,
0.0, ,96.0,0.0,0.0,22.5,0.262,21.0,0.0,,
8.0,N/A,90.0,34.0,300.0,33.7,0.467,58.0,1.0,note2,
,102.0,74.0,0.0,0.0,29.5,0.121,,0.0,###,
2.0,130.0,,0.0,0.0,,0.268,21.0,0.0,Lorem,
6.0,,0.0,0.0,0.0,29.8,,31.0,0.0,,
6.0,92.0,62.0,32.0,126.0,32.0,0.085,46.0,0.0,###,
1.0,81.0,72.0,18.0,,26.6,0.283,24.0,0.0,###,
,163.0,72.0,unknown,0.0,39.0,1.222,33.0,1.0,,
,,,23.0,130.0,35.4,0.542,29.0,1.0,note1,
5.0,,,0.0,,45.0,0.19,47.0,0.0,###,
,148.0,66.0,25.0,0.0,32.5,,,0.0,note1,
2.0,98.0,60.0,17.0,120.0,34.7,0.198,22.0,0.0,??,
,80.0,66.0,30.0,0.0,,0.313,41.0,0.0,###,
3.0,null,70.0,,,31.6,0.268,28.0,1.0,note2,
12.0, ,62.0,-,258.0,unknown,0.926,44.0,1.0,note2,
8.0,110.0,76.0,,0.0,27.8,0.237,,0.0,note2,
0.0,151.0,90.0,??,0.0,42.1,0.371,21.0,1.0,###,
3.0,78.0,null,0.0,0.0,N/A,0.27,39.0,0.0,??,
null,91.0,unknown,32.0,88.0,33.1, ,22.0,,note2,
0.0,,64.0,17.0,,,0.252,,0.0,note2,
2.0,94.0,76.0,18.0,unknown,31.6,N/A,23.0,0.0,Lorem,
,142.0,80.0,15.0,0.0,32.4,-,63.0,0.0,###,
7.0,107.0,74.0,0.0,0.0,,0.254,31.0,,###,
1.0,95.0,82.0,25.0,180.0,35.0,0.233,43.0,1.0,###,
5.0,-,68.0,28.0,??,,0.364,unknown,0.0,,
1.0,N/A,,41.0,-,32.0,??,33.0,,###,
N/A,151.0,60.0,0.0,0.0,26.1,N/A,22.0,,Lorem,
5.0,unknown,54.0,N/A,83.0,34.0,,30.0,0.0,###,
unknown,184.0,??,39.0,277.0,N/A,0.264,31.0,-,note1,
2.0,112.0,66.0,null,0.0,25.0,0.307,24.0,0.0,,
8.0,,74.0,unknown,,39.4,0.661,43.0,1.0,??,
5.0,105.0,,29.0,325.0,36.9,,28.0,0.0,Lorem,
1.0,99.0,58.0,10.0,0.0,25.4,,21.0,,??,
5.0,unknown,54.0,N/A,83.0,34.0,,30.0,0.0,###,
3.0,N/A, ,0.0,unknown,0.0,,22.0,0.0,,
3.0,170.0,64.0,,225.0,null,0.356,30.0,1.0,note2,
3.0,113.0,44.0,13.0,0.0,22.4,,22.0,N/A,note2,
6.0,183.0,94.0,0.0,,,1.461,45.0,0.0,note2,
3.0,84.0,68.0,30.0,106.0,,0.591,-,0.0,note1,
,103.0,66.0,32.0,0.0,39.1,0.344,31.0,1.0,note1,
5.0,117.0,92.0,0.0,0.0,34.1,0.337,38.0,0.0,,
,??,72.0,31.0,0.0,29.7,0.297,46.0,1.0,??,
N/A,73.0,60.0,0.0,0.0,26.8,0.268,27.0,unknown,note1,
1.0,113.0,64.0,35.0,0.0,33.6,0.543,21.0,,,
0.0,137.0,40.0,35.0,168.0,43.1,2.288,33.0,1.0,Lorem,
5.0,,78.0,30.0,0.0,,0.258,unknown,0.0,Lorem,
5.0,null,70.0,0.0,0.0,29.8,0.207,63.0,0.0,note2,
-,??,92.0,,0.0,37.6,0.191,30.0,0.0,note1,
6.0,154.0,78.0,41.0,140.0,,-,27.0,,??,
4.0,125.0,70.0,??,122.0,28.9,,45.0,,Lorem,
0.0,,0.0,0.0,0.0,33.8,0.932,44.0,0.0,??,
0.0,105.0,68.0,,,20.0,0.236,22.0,0.0,note1,
4.0,142.0,86.0,0.0,0.0,,0.645,22.0,1.0,###,
5.0,121.0,72.0, ,112.0,26.2,0.245,,0.0,??,
13.0,106.0,72.0,54.0,0.0,36.6,null,45.0,0.0,??,
3.0,,70.0,N/A,,34.9,0.241,25.0,1.0,note1,
2.0,128.0,78.0,37.0,182.0,,1.224,31.0,1.0,note1,
2.0,92.0,62.0,28.0,0.0,,0.13,24.0,0.0,note1,
,158.0,70.0,30.0,328.0,35.5,0.344,,1.0,###,
8.0,84.0,74.0,,0.0,38.3,0.457,39.0,0.0,Lorem,
3.0, ,58.0,N/A,N/A,,null,22.0,0.0,??,
1.0,125.0,70.0,24.0,110.0,24.3,0.221,25.0,0.0,Lorem,
??,123.0,88.0,37.0,,35.2,0.197,29.0,0.0,Lorem,
4.0,128.0,70.0,0.0,0.0,34.3,0.303,null,,###,
13.0,,82.0,??,110.0,null,0.245,57.0,,note2,
,116.0,N/A,28.0,0.0,??,0.204,21.0,0.0,??,
4.0,,86.0,31.0,,28.0,,unknown,unknown,Lorem,
8.0,unknown,,0.0,0.0,32.9,,,1.0,###,
9.0,112.0,82.0,24.0,,28.2,,50.0,1.0,###,
6.0,162.0,62.0,-,,24.3,0.178,??,1.0,note2,
null,110.0,66.0,0.0,0.0,31.9,0.471,-,0.0,###,
1.0,164.0,82.0,43.0,67.0,32.8,0.341,,,??,
,87.0,68.0,34.0,77.0,37.6,0.401,24.0,0.0,note1,
2.0,115.0,64.0,22.0,0.0,30.8,,21.0,,note1,
1.0,80.0,74.0,11.0,60.0,30.0,,22.0,0.0,Lorem,
,135.0,68.0,??,250.0, ,,24.0,,,
1.0,116.0,78.0,29.0,180.0,-,N/A,25.0,0.0,??,
8.0,179.0,72.0,42.0,130.0,32.7,0.719,36.0,1.0,note1,
0.0,,null,27.0,0.0,44.1,0.686,23.0,1.0,note2,
2.0,92.0,52.0,,0.0,30.1,0.141,22.0,0.0,note2,
1.0,97.0,,21.0,0.0,27.2,1.095,22.0,0.0,note2,
 ,108.0,64.0,0.0,unknown,30.8,0.158,21.0,,,
5.0, ,,28.0,N/A,23.9,0.407,27.0,,??,
6.0, ,,0.0,0.0,24.2,0.151,,0.0,??,
7.0,178.0,84.0,0.0,N/A,39.9,0.331,41.0,1.0,,
6.0,117.0, ,,,28.7,0.157,30.0,0.0,,
7.0,136.0,90.0,,0.0,29.9,0.21,N/A,0.0,note1,
2.0,99.0, ,,44.0,null,0.235,27.0,0.0,note1,
5.0,126.0,78.0,27.0,22.0,??,,40.0,0.0,note2,
1.0,135.0,54.0,0.0,0.0,26.7,0.687,62.0,0.0,,
,142.0,60.0,,190.0,28.8,0.687,61.0,0.0,note2,
6.0, ,78.0,,0.0,23.5,0.129,59.0,1.0,###,
??,115.0,98.0,0.0,0.0,,0.209, ,1.0,Lorem,
1.0,125.0,,40.0,167.0,33.3,0.962,28.0,1.0,note1,
1.0,143.0,86.0,30.0,-,30.1,0.892,23.0,0.0,,
8.0,155.0,??,26.0,495.0,34.0,0.543,46.0,1.0,###,
13.0,,,0.0,0.0,32.8,0.18,41.0,0.0,note2,
0.0,107.0,60.0,25.0,0.0,26.4,,23.0,0.0,Lorem,
2.0,174.0,88.0,37.0,??,44.5,0.646,,1.0,###,
null,87.0,80.0,0.0,0.0,23.2,0.084,32.0,0.0,Lorem,
2.0,92.0,76.0,20.0,0.0,unknown,??,28.0,,Lorem,
0.0,95.0,,39.0,105.0,44.6,,22.0,unknown,??,
1.0,71.0,62.0,0.0,,21.8,0.416,26.0,0.0,note1,
6.0,125.0,78.0,31.0,0.0,27.6,0.565,??,1.0,note1,
3.0,115.0,66.0,39.0,,38.1,0.15,28.0,0.0,note1,
1.0,0.0,68.0,35.0,0.0,32.0,0.389,22.0, ,Lorem,
0.0,141.0,84.0,26.0,,32.4,0.433,22.0,0.0,###,
N/A,105.0,80.0,,191.0,33.7,0.711,29.0,1.0,Lorem,
,172.0, ,49.0,579.0,42.4,0.702,28.0,unknown,??,
3.0,113.0,44.0,13.0,0.0,22.4,,22.0,N/A,note1,
1.0,73.0,50.0,10.0,,23.0,0.248,21.0,0.0,Lorem,
,,50.0,36.0,159.0,37.8,0.455,22.0,1.0,note2,
4.0,122.0,68.0,,0.0,,N/A,,0.0,note2,
2.0,129.0,0.0,0.0,0.0,38.5,??,,0.0,Lorem,
7.0,106.0,60.0,24.0,0.0,26.5,0.296,29.0,1.0,Lorem,
8.0,151.0,78.0,,210.0,42.9,0.516,36.0,1.0,note2,
5.0,116.0,74.0,0.0,0.0,25.6,0.201,30.0,N/A,,
1.0,106.0,70.0,28.0,135.0,,,22.0,0.0,###,
0.0,104.0,76.0,0.0,0.0,18.4,0.582,27.0,0.0,###,
5.0,97.0,,27.0,N/A, ,0.378,52.0, ,,
unknown,,50.0,10.0,,29.5,0.626,25.0,0.0,??,
,,70.0,,50.0,30.8,,21.0,0.0,note1,
2.0,128.0,78.0,37.0,182.0,,1.224,31.0,1.0,Lorem,
3.0,111.0,90.0,12.0,,28.4,0.495,29.0,0.0,??,
,138.0,82.0,0.0,0.0,40.1,0.236,28.0,,note1,
11.0,,,26.0,-,36.1,0.557,50.0,1.0,Lorem,
4.0,158.0,78.0, ,0.0,,0.803,31.0,1.0,note1,
,103.0,unknown,,??,19.4,0.491,22.0,0.0,??,
10.0,101.0,76.0,48.0,180.0,32.9,0.171,63.0,0.0,note2,
1.0,130.0,,13.0,105.0,25.9,0.472,22.0,0.0,??,
3.0,162.0,52.0,38.0,0.0,37.2,0.652,24.0,1.0,??,
6.0,129.0,90.0,7.0,326.0,19.6,,,0.0,Lorem,
11.0,103.0,68.0,,0.0,46.2,0.126,42.0,0.0,note1,
1.0,181.0,N/A,30.0,180.0,-,0.328,??,1.0,###,
7.0,,74.0,40.0,105.0,37.2,, ,0.0,###,
9.0,165.0,-, ,0.0,30.4,0.302,49.0,1.0,,
,71.0,78.0,50.0,45.0,33.2,0.422,21.0,0.0,??,
,197.0,??,0.0, ,unknown,1.191,39.0,1.0,note1,
0.0,134.0,58.0,20.0,291.0,,,21.0,0.0,note2,
,102.0,74.0,0.0,0.0,29.5,0.121,,0.0,note2,
2.0,120.0,,unknown,0.0,26.8,0.455,N/A,0.0,??,
6.0,108.0,44.0,,130.0,24.0,0.813,35.0,0.0,note1,
0.0,124.0,70.0,N/A,0.0,27.4,0.254,36.0,1.0,,
5.0,103.0,108.0,37.0,0.0,39.2,0.305,65.0,,Lorem,
null,111.0,,47.0,207.0,37.1,1.39,56.0,1.0,??,
 ,146.0,85.0,27.0,,,0.189,??,0.0,Lorem,
4.0,95.0,64.0,0.0,0.0,unknown,0.161,31.0,1.0,###,
1.0,119.0,86.0,39.0,220.0,45.6,,29.0,1.0,###,
1.0,99.0,72.0,30.0,,,0.412,21.0,0.0,###,
3.0,129.0,92.0,49.0,155.0,36.4,0.968,,1.0,Lorem,
3.0,128.0,78.0,0.0,0.0,21.1,,55.0,0.0,note2,
2.0,134.0,,-,0.0,28.9,N/A,23.0,,Lorem,
2.0,68.0,,32.0,66.0,25.0,0.187,25.0,0.0,,
7.0,133.0,null,0.0,0.0,,0.696,null,0.0,###,
-,103.0,60.0,33.0,,24.0,0.966,33.0,unknown,note1,
2.0,90.0,60.0,0.0,0.0,23.5,0.191,25.0,N/A,note2,
unknown,155.0,52.0,27.0,,38.7,0.24, ,1.0,,
,,76.0,N/A,0.0,49.6,,26.0,1.0,??,
0.0,161.0,unknown,0.0,,21.9,-,65.0,,note1,
7.0,62.0,null,0.0,0.0, ,0.391,41.0,,??,
 ,,66.0,52.0,,41.3,0.917,29.0,0.0,note1,
3.0,112.0,74.0,30.0,0.0,31.6,0.197,25.0,1.0,note1,
1.0,122.0,64.0, ,unknown,,0.692,30.0,1.0,,
,90.0,62.0,18.0,59.0,25.1,1.268,25.0,0.0,note2,
0.0,161.0,unknown,0.0,,21.9,-,65.0,,,
N/A,,,23.0,310.0,42.4,1.076,22.0,0.0,??,
5.0,,82.0,26.0,285.0,,-,58.0,-,###,
null,94.0,,0.0,,0.0,0.256,25.0,,Lorem,
7.0,161.0,-,0.0,0.0,30.4,0.165,47.0,1.0,,
3.0,N/A,78.0,39.0,0.0,37.3,??,40.0,0.0,note1,
0.0,146.0,,0.0,0.0,40.5,1.781,44.0,0.0,###,
9.0,57.0,80.0,37.0,0.0,32.8,0.096,41.0,0.0,###,
2.0,102.0,86.0,36.0,-,45.5,0.127,23.0,,note1,
7.0,94.0,64.0,25.0,79.0,33.3,,41.0,0.0,Lorem,
1.0,,76.0,0.0,,37.5,0.197,,N/A,###,
12.0,121.0,78.0,17.0,0.0,26.5,0.259,62.0,-,Lorem,
0.0,146.0,,0.0,0.0,40.5,1.781,44.0,0.0,note1,
2.0,84.0,,23.0,,30.4,0.968,,0.0,note1,
1.0,,62.0,41.0,480.0,40.7,0.536,,0.0,note2,
8.0,126.0,88.0,36.0,108.0,38.5,0.349,,0.0,note2,
2.0,90.0,68.0,42.0,0.0,38.2,0.503,27.0,unknown,note1,
9.0,,80.0,35.0,0.0,29.0,0.263,null,1.0,###,
null,84.0,82.0,,??,38.2,0.233,23.0,0.0,,
2.0,null,-,15.0,76.0,30.1,,25.0,0.0,Lorem,
13.0,158.0,114.0,0.0,0.0,42.3,,,1.0,,
5.0,189.0,64.0,33.0,325.0,,0.583,29.0,1.0,Lorem,
,123.0,62.0,0.0,0.0,32.0,0.226,35.0,1.0,###,
8.0,120.0,,unknown,,30.0,0.183,38.0,1.0,note1,
,147.0,85.0,54.0,0.0,42.8,0.375,24.0,0.0,??,
1.0,N/A,62.0,12.0,43.0,,0.58,24.0,0.0,Lorem,
4.0,,0.0,,0.0,28.0,0.61, ,0.0,,
0.0,,,,0.0,,0.238,,0.0,note1,
??,131.0,66.0,40.0,0.0,34.3,0.196,22.0,1.0,note2,
3.0,169.0,74.0,,125.0,29.9,0.268,31.0,1.0,Lorem,
9.0,120.0,72.0,22.0,N/A,20.8,, ,-,note1,
,105.0,58.0,,,34.9,N/A,25.0, ,??,
7.0,106.0,92.0,18.0,0.0,,0.235,48.0,0.0,??,
4.0,,62.0,0.0,0.0,34.0,-,25.0,0.0,??,
1.0,,64.0,24.0,0.0,29.2,,21.0,,note1,
6.0,119.0,null,,176.0,27.1,1.318,,1.0,###,
1.0,,88.0,19.0,unknown,27.1,0.4,24.0,??,note1,
1.0,??,60.0,42.0,48.0,43.5,0.678,23.0,-,note1,
3.0,78.0,,32.0,null,31.0,0.248,26.0,1.0,,
0.0,117.0,,31.0,188.0,30.8,0.493,22.0,0.0,,
6.0,105.0,80.0,unknown,0.0,null,,26.0,,??,
5.0,96.0,-,18.0,67.0,null,0.997,43.0,0.0,??,
5.0, ,,28.0,N/A,23.9,0.407,27.0,,??,
3.0,126.0,88.0,41.0,235.0,39.3,0.704,27.0,0.0,??,
5.0,N/A,82.0,30.0,,39.5,null,38.0,??,,
3.0,128.0,72.0,25.0,190.0,32.4,0.549,27.0,,note2,
0.0,93.0,100.0,39.0,72.0,43.4,-,35.0,0.0,###,
4.0,132.0,N/A,0.0,0.0,32.9,0.302,23.0,1.0,,
3.0,84.0,72.0,32.0,0.0,,0.267,28.0,null,??,
4.0,132.0,N/A,0.0,0.0,32.9,0.302,23.0,1.0,,
, ,84.0, ,105.0,30.0,0.488,,0.0,,
,187.0,76.0,27.0,207.0,,1.034,53.0,1.0,note2,
null,152.0,,39.0,272.0,null,0.27,??,0.0,note2,
9.0,123.0,70.0,,94.0,33.1,null,40.0,,note2,
2.0,N/A,0.0,0.0,0.0,??,0.24,,1.0,,
15.0,136.0,,32.0,N/A,N/A,0.153,43.0,1.0,,
4.0,-,80.0,0.0,0.0,,0.536,27.0,,??,
4.0,null,72.0,29.0,126.0,31.3,0.338, ,0.0,,
N/A,,0.0,-,0.0,N/A,0.342,25.0,0.0,###,
-,173.0,78.0,-,265.0,46.5,1.159,,0.0,??,
0.0,181.0,88.0,44.0,510.0,, ,26.0,1.0,note2,
8.0,151.0,78.0,,210.0,42.9,0.516,36.0,1.0,Lorem,
2.0,127.0,46.0,21.0,335.0,34.4,0.176,null,0.0,??,
7.0,137.0,90.0,41.0,0.0,32.0,0.391,,0.0,note2,
null,102.0,78.0,40.0,90.0,34.5,0.238,24.0,0.0,Lorem,
,99.0,68.0,,unknown,32.8,0.145,33.0,0.0,note2,
5.0,189.0,64.0,33.0,325.0,,0.583,29.0,1.0,###,
2.0,,64.0,23.0,0.0,-,0.368,21.0,0.0,,
0.0,140.0,65.0,26.0,130.0,42.6,0.431,24.0,,###,
1.0,122.0,64.0, ,unknown,,0.692,30.0,1.0,note2,
N/A,100.0,66.0,15.0,56.0,23.6,0.666,26.0,0.0,,
,,60.0,19.0,54.0,26.9,0.497,,0.0,note1,
,129.0,84.0,unknown,0.0,,0.284,27.0,0.0,note2,
0.0,131.0,0.0,,0.0,,0.27,-,1.0,note2,
2.0,109.0,92.0,0.0,0.0, ,0.845,54.0,-,??,
0.0,,70.0,27.0,115.0,43.5,0.347,21.0,0.0,Lorem,
3.0,171.0,72.0,-,135.0,33.3,0.199,N/A,1.0,??,
,,86.0,N/A,0.0,24.8,0.23,53.0,1.0,,
4.0,-,80.0,0.0,0.0,,0.536,27.0,,note1,
4.0,116.0,72.0,12.0,87.0,22.1,0.463,37.0,0.0,note2,
4.0,146.0,,unknown,unknown,38.5,0.52,67.0,,note2,
2.0,,68.0,25.0,71.0,38.5,,,0.0,###,
,124.0,60.0,32.0,0.0,,0.514,,0.0,note1,
,,82.0,18.0,64.0,24.7,0.761,21.0,??,Lorem,
3.0,,unknown,0.0,0.0,22.6,0.142,unknown,unknown,###,
1.0,87.0,78.0,??,32.0,34.6,0.101,22.0,??,??,
,,null,,0.0,24.5,,,0.0,note2,
,177.0,60.0,29.0,478.0,34.6,1.072,21.0,1.0,Lorem,
8.0,194.0,80.0,0.0,0.0,26.1,N/A,67.0,,??,
3.0,null,44.0,20.0,unknown,30.8,0.4,,0.0,??,
3.0,103.0,72.0,30.0,152.0,27.6,0.73,27.0,0.0,??,
10.0,N/A,-,0.0,0.0,33.3,0.263,38.0,0.0,###,
3.0,N/A,,39.0,0.0,30.1,null,30.0,0.0,###,
4.0,,82.0,32.0,0.0,38.5,-,37.0,1.0,###,
N/A,140.0,N/A,0.0,0.0,32.7,,45.0,1.0,note2,
6.0,119.0,null,,176.0,27.1,1.318,,1.0,###,
1.0,112.0,80.0,,132.0,34.8,0.217,24.0,0.0,Lorem,
2.0,112.0,78.0,50.0,140.0,39.4,0.175,24.0,0.0,note2,
2.0,99.0, ,,44.0,null,0.235,27.0,0.0,note2,
null,138.0, ,0.0,,,0.42,35.0,unknown,note2,
1.0,89.0,76.0,34.0,37.0,31.2,0.192,unknown,0.0,###,
1.0,109.0,58.0,,116.0,28.5,0.219,22.0,0.0,note2,
7.0,125.0,86.0,0.0,0.0,null,0.304,51.0,0.0,,
0.0,137.0,,27.0,0.0,27.3,0.231,59.0,,note2,
9.0,123.0,70.0,,94.0,33.1,null,40.0,,note2,
1.0,124.0, ,36.0,0.0,27.8,N/A,30.0,0.0,Lorem,
5.0,166.0,,19.0,175.0,25.8,0.587,-,,,
7.0,152.0,88.0,44.0,0.0,unknown,,36.0,1.0,note2,
0.0,91.0,unknown,32.0,210.0,39.9,0.381,,0.0,note2,
1.0,107.0,50.0,19.0,0.0,28.3,0.181,29.0,0.0,note1,
4.0,112.0,78.0,40.0,0.0,unknown,0.236,38.0,,note2,
0.0,118.0,84.0,47.0,230.0,45.8,0.551,31.0,,###,
2.0,87.0,0.0,23.0,,28.9,,,0.0,###,
2.0,108.0,80.0,unknown,,,0.259,,1.0,,
10.0,N/A,106.0,23.0,49.0,35.5,0.285,,0.0,Lorem,
9.0,,68.0,,,24.2,N/A,58.0,0.0,note2,
N/A,118.0,64.0,23.0,89.0,0.0,1.731,21.0,,###,
0.0,??,,,,36.3,0.258,52.0,1.0,note1,
4.0,95.0,64.0,0.0,0.0,unknown,0.161,31.0,1.0,note1,
,91.0,unknown,0.0,0.0,35.6,0.587,68.0,0.0,,
4.0,145.0,82.0,, ,,0.235,70.0,1.0,###,
2.0,88.0,74.0,19.0,53.0,29.0,0.229,,0.0,###,
N/A,,68.0,28.0,unknown,35.9,0.745,41.0,1.0,note2,
null,160.0,54.0,32.0,175.0,30.5,0.588,39.0,1.0,??,
 ,137.0,84.0,0.0,0.0,31.2,0.252,30.0,??,###,
6.0,109.0,60.0,27.0,0.0,25.0,,27.0,0.0,,
0.0,,76.0,43.0,255.0,47.9,,26.0,0.0,note1,
6.0,,72.0,0.0,0.0,27.6,unknown,29.0,null,note1,
3.0,162.0,52.0,38.0,0.0,37.2,0.652,24.0,1.0,Lorem,
3.0,162.0,52.0,38.0,0.0,37.2,0.652,24.0,1.0,note2,
7.0,147.0,76.0,0.0,,39.4,0.257,,,note2,
3.0,90.0,,0.0, ,42.7,0.559,,0.0,Lorem,
3.0,81.0,86.0,16.0,66.0,27.5,0.306,22.0,0.0,###,
N/A,134.0,72.0,0.0,0.0,23.8,0.277,60.0,1.0,note2,
0.0,108.0,68.0,20.0,,27.3,0.787,32.0,0.0,,
5.0,,62.0,,129.0,35.8,,25.0,1.0,??,
1.0,80.0,55.0,,0.0,19.1,,21.0,0.0,note1,
,-,74.0,22.0,0.0,-,1.224,32.0,1.0,note1,
5.0,122.0,86.0,0.0,0.0,34.7,0.29,33.0,0.0,note1,
2.0,120.0,,unknown,0.0,26.8,0.455,N/A,0.0,###,
5.0, ,82.0,0.0,0.0,,0.64,69.0,0.0,note1,
 ,108.0,64.0,0.0,unknown,30.8,0.158,21.0,,note2,
0.0,111.0,,0.0,,24.6,0.66,31.0,0.0,note1,
9.0,154.0,78.0, ,100.0,,0.164,45.0,0.0,note2,
2.0,68.0,unknown,13.0,unknown,20.1,0.257,23.0,0.0,note2,
,128.0,N/A,45.0,194.0,40.5,0.613,24.0,1.0,note1,
13.0,104.0,72.0,0.0,,31.2,,38.0,1.0,note2,
5.0,114.0,74.0,0.0,0.0,24.9,0.744,57.0,0.0,Lorem,
1.0,112.0,72.0,30.0,,34.4,,25.0,0.0,??,
2.0,88.0,N/A,26.0,16.0,28.4,0.766,,,note1,
5.0,166.0, ,null,0.0,45.7,0.34,27.0,1.0,note2,
2.0,83.0,66.0,23.0,,32.2,0.497,N/A,,Lorem,
2.0,N/A,0.0,0.0,0.0,??,0.24,,1.0,note2,
,80.0,80.0,36.0,0.0,39.8,0.177,,0.0,??,
2.0,106.0,64.0,35.0,119.0,30.5,1.4,N/A, ,note2,
,168.0,74.0,0.0,0.0,38.0,0.537,34.0,1.0,,
14.0,100.0,78.0,25.0,184.0,N/A,0.412,46.0,-,note1,
1.0,140.0,,26.0,unknown,??,0.828,23.0,-,note1,
4.0,83.0,86.0,null,0.0,29.3,0.317,34.0,0.0,,
14.0,,,,0.0,33.6,,38.0,1.0,note2,
2.0,N/A,64.0,42.0,0.0,40.0,1.101,24.0,,note1,
1.0,168.0,88.0,29.0,0.0,35.0,,52.0,1.0,Lorem,
,,84.0,,null,39.4,0.395,29.0,1.0,note1,
1.0,,66.0,29.0,196.0,32.0,0.444,42.0,0.0,note2,
3.0,N/A,,39.0,0.0,30.1,null,30.0,0.0,note2,
9.0,N/A,74.0,33.0,,-,0.46,81.0,0.0,??,
0.0,84.0,64.0,22.0,,35.8,,21.0,0.0,note2,
,,64.0,0.0,0.0,27.4,,34.0,1.0,??,
3.0,,80.0,0.0,0.0,34.4,,,null,,
5.0,,74.0,40.0, ,34.1,0.269,28.0,0.0,note1,
6.0,148.0,72.0,35.0,0.0,,0.627,50.0,1.0,###,
6.0,,76.0,0.0,-,N/A,,54.0,1.0,??,
2.0,127.0,58.0,24.0,275.0,,1.6,25.0,0.0,note1,
10.0,,72.0,18.0,0.0,23.1,0.595,56.0,0.0,###,
1.0,??,60.0,8.0,182.0,25.4,0.947, ,unknown,note1,
0.0,165.0,90.0,33.0,680.0,52.3,,23.0, ,note2,
4.0,, , ,155.0,34.5,0.598,28.0,0.0,note1,
7.0,187.0,68.0,39.0,304.0,37.7,null,41.0,1.0,Lorem,
6.0,96.0,0.0,0.0,0.0,23.7,unknown,28.0,0.0,note1,
3.0,125.0,58.0,0.0,0.0,31.6,0.151,24.0,0.0,note1,
4.0,151.0,90.0,38.0,0.0,,0.294,36.0,0.0,Lorem,
 ,102.0,74.0,,0.0,39.5,0.293,42.0,??,??,
1.0,128.0,,17.0,183.0,unknown,0.115,22.0, ,??,
6.0,98.0,58.0,33.0,190.0, ,0.43,,0.0,??,
2.0,85.0,65.0,0.0,,39.6,0.93,,0.0,###,
6.0,154.0,74.0,32.0,,null,0.839,39.0,0.0,note2,
9.0,122.0,56.0,,,33.3,1.114,33.0,1.0,note2,
,N/A,??,0.0,0.0,30.9,,31.0,,,
4.0,,110.0,31.0,0.0,28.5,,37.0,0.0,Lorem,
0.0,101.0,62.0,0.0,0.0,21.9,0.336,25.0,0.0,###,
4.0,96.0,56.0,17.0,49.0,20.8,??,26.0,0.0,,
8.0,155.0,??,26.0,495.0,34.0,0.543,46.0,1.0,###,
0.0,unknown,80.0,0.0,0.0,,0.601,27.0,0.0,Lorem,
0.0,119.0,,0.0,0.0,32.4,0.141,24.0,1.0,note1,
4.0,,74.0,0.0,0.0,27.6,0.244,40.0,,??,
7.0,,74.0,40.0,105.0,37.2,, ,0.0,,
N/A,,72.0,0.0,0.0,N/A,unknown, ,0.0,###,
0.0,78.0,,??,40.0,36.9,,21.0,0.0,note1,
3.0,128.0,78.0,0.0,0.0,21.1,,55.0,0.0,??,
,144.0,72.0,,228.0,33.9,0.255,40.0,0.0,,
5.0,137.0,108.0,0.0,,48.8,, ,,Lorem,
0.0,99.0,0.0,0.0,0.0,,0.253,22.0,??,note2,
0.0,93.0,100.0,39.0,72.0,43.4,-,35.0,0.0,note2,
7.0,133.0,88.0,,null,32.4,0.262,37.0,,###,
null,195.0,70.0,33.0,,25.1,,55.0,1.0,note1,
3.0,112.0,74.0,30.0,0.0,31.6,0.197,25.0,1.0,###,
N/A,111.0,,,0.0,34.2,0.26,24.0,0.0,,
1.0,unknown,60.0,23.0,846.0,30.1,0.398,59.0,1.0,note2,
1.0,79.0,,,37.0,25.4,0.583,22.0,0.0,note2,
2.0,71.0,null,27.0,0.0,28.0,0.586,22.0,,??,
1.0,117.0,-,23.0,106.0,,0.466,27.0,0.0,note1,
7.0,159.0,66.0,0.0,,30.4,,,1.0,note2,
4.0,,70.0,, ,,0.361,33.0,,note2,
10.0,92.0,62.0,0.0,0.0,25.9,0.167,31.0,0.0,note1,
5.0,139.0,64.0,35.0,140.0,28.6,0.411,26.0,0.0,###,
10.0,133.0,??,0.0,0.0,27.0,0.245,36.0,,###,
0.0,180.0,90.0,26.0,90.0,36.5,0.314,35.0,1.0,note1,
0.0,165.0,90.0,33.0,680.0,52.3,,23.0, ,,
1.0, ,74.0,22.0,61.0,26.2,0.256,21.0,0.0,###,
2.0,90.0,70.0,17.0, ,27.3,0.085,22.0,0.0,###,
1.0,120.0,, ,??,38.9,1.162,41.0,0.0,,
8.0,,70.0,0.0,0.0, ,0.955,N/A,unknown,###,
6.0,165.0,??,26.0,168.0,33.6,0.631,,,note2,
 ,,,34.0,165.0,null,0.771,??,1.0,note2,
2.0,146.0, ,,360.0,28.0,unknown,29.0,1.0,,
1.0,,58.0,0.0,0.0,24.3,0.187,, ,###,
,,,35.0,167.0,34.6,0.534,21.0,1.0,Lorem,
2.0,90.0,80.0,14.0,55.0,24.4,0.249,24.0,0.0,note2,
10.0,,68.0,23.0,132.0,25.5,0.326,47.0,1.0,Lorem,
7.0,184.0,,33.0,0.0, ,0.355,-,1.0,??,
7.0,119.0,0.0,0.0,0.0,-,0.209,37.0,0.0,??,
8.0,74.0,70.0,40.0,49.0,35.3,0.705,39.0,0.0,###,
2.0,84.0,,23.0,,30.4,0.968,,0.0,note1,
,107.0,68.0,19.0,0.0,,0.165,24.0,,note2,
,110.0,,N/A,125.0,32.4,0.698,27.0,0.0,###,
3.0,173.0,,48.0,465.0,38.4,N/A,25.0,1.0,note1,
7.0,114.0,76.0,17.0,110.0,,0.466,31.0,,note1,
??,196.0,76.0,29.0,280.0,37.5,0.605,,1.0,,
-,,54.0,14.0,88.0,26.1,0.748,,0.0,,
N/A,74.0,68.0,28.0,45.0,29.7,,23.0,0.0,note2,
2.0,99.0,52.0,15.0,94.0,24.6,null,21.0,0.0,,
0.0,,75.0,23.0,0.0,0.0,0.572,21.0,,Lorem,
5.0,44.0,62.0,null,,25.0, , ,0.0,###,
2.0, ,68.0,28.0,205.0,32.9,N/A,30.0,1.0,Lorem,
,,86.0,N/A,0.0,24.8,0.23,53.0,1.0,note2,
11.0,85.0,,0.0,0.0,30.1,0.3,35.0,0.0,note1,
0.0,95.0,85.0,25.0,,37.4,0.247,24.0,1.0,,
8.0,-,78.0,N/A,0.0,47.9,0.137,43.0,,Lorem,
12.0, ,62.0,-,258.0,unknown,0.926,44.0,1.0,note1,
0.0,,unknown,30.0,165.0,34.3,0.203,??,1.0,Lorem,
10.0,115.0,,0.0,0.0,35.3,0.134,,0.0,??,
2.0,197.0,70.0,45.0,543.0,30.5,0.158,,1.0,note1,
unknown,107.0,62.0,13.0,48.0,22.9,0.678,23.0,,Lorem,
7.0,,70.0,33.0,215.0,,0.161,-,0.0,note2,
1.0,111.0,,13.0,182.0,24.0,0.138,23.0,N/A,note1,
1.0,85.0,66.0, ,0.0,26.6, ,31.0,0.0,note2,
0.0,107.0,62.0,-,74.0,36.6,0.757,null,1.0,###,
8.0,120.0,,unknown,,30.0,0.183,38.0,1.0,note2,
,65.0,72.0,23.0,0.0,,,??,0.0,note2,
1.0,180.0,0.0,0.0,0.0,43.3,0.282,,1.0,Lorem,
0.0,140.0,65.0,26.0,130.0,42.6,0.431,24.0,,??,
5.0,,74.0,40.0, ,34.1,0.269,28.0,0.0,Lorem,
5.0,,80.0,35.0,,31.6,0.361,25.0,1.0,note2,
5.0,128.0,80.0,0.0,0.0,34.6,0.144,45.0,0.0,Lorem,
unknown,123.0,80.0,15.0,176.0,32.0,,34.0,-,note2,
1.0,,66.0,15.0,??,23.2,,unknown, ,,
8.0,,76.0,24.0,600.0,28.7,0.687,,null,,
11.0,155.0,76.0,28.0,150.0,33.3,null,51.0,1.0,note2,
5.0,168.0,64.0,0.0,,32.9,0.135,41.0,,note1,
??,99.0,76.0,15.0,51.0,23.2,0.223,21.0,0.0,note1,
9.0,154.0,78.0, ,100.0,,0.164,45.0,0.0,###,
-,,60.0,32.0,,35.4,0.284,28.0,,###,
null,195.0,70.0,33.0,,25.1,,55.0,1.0,,
1.0,??,60.0,42.0,48.0,43.5,0.678,23.0,-,,
0.0,109.0,88.0,30.0,0.0,32.5,0.855,38.0,1.0,,
2.0,122.0,60.0,18.0,N/A,29.8,0.717,22.0,0.0,??,
2.0,101.0,58.0,17.0,265.0,24.2,0.614,23.0,0.0,note1,
0.0,107.0,76.0,0.0,0.0,45.3,0.686,,0.0,,
8.0,,76.0,24.0,600.0,28.7,0.687,,null,,
0.0,106.0,70.0,37.0,148.0,39.4,0.605,-,0.0,note1,
,91.0,N/A,0.0,,unknown,0.525,22.0,0.0,,
1.0,125.0,70.0,24.0,110.0,24.3,0.221,25.0,0.0,note2,
??,144.0,82.0,40.0,0.0,41.3,null,28.0,0.0,Lorem,
13.0,129.0,-,30.0,0.0,39.9,0.569,null,,Lorem,
,99.0,68.0,,unknown,32.8,0.145,33.0,0.0,note1,
,,58.0,16.0,52.0,32.7,0.166,25.0,0.0,note2,
unknown,126.0,84.0,29.0, ,30.7,0.52,24.0,,note1,
null,114.0,68.0,N/A,0.0,28.7,??,25.0,0.0,??,
5.0,147.0,75.0,0.0,0.0,29.9, ,28.0,,###,
9.0,152.0,,34.0,,N/A,N/A,33.0,1.0,??,
1.0, ,,16.0,null,25.9,0.655,24.0,0.0,note1,
8.0,154.0,78.0,32.0,0.0,32.4,??,45.0,unknown,note1,
,,,32.0,,30.8,0.122,37.0,0.0,note2,
2.0,157.0,74.0,35.0,440.0,39.4, ,30.0,0.0,note2,
0.0,-,68.0,0.0,,24.7,0.206,21.0,0.0,note1,
11.0,135.0,,N/A,??,52.3,0.578,,??,Lorem,
,141.0,0.0,0.0,0.0,30.0,0.761,27.0,1.0,note1,
5.0,112.0,??,,0.0,37.8,0.261,41.0,1.0,###,
null,91.0,unknown,32.0,88.0,33.1, ,22.0,,###,
0.0,128.0,68.0,N/A,180.0,30.5,1.391,,1.0,??,
1.0,119.0,54.0,13.0,50.0,22.3,unknown,24.0,0.0,Lorem,
4.0,131.0,N/A,21.0,166.0,33.1,0.16,28.0,0.0,note1,
2.0,123.0,48.0,??,165.0,42.1,,-,0.0,??,
-,123.0,100.0,??, ,-,0.88,22.0,0.0,Lorem,
7.0,100.0,0.0,,0.0,30.0,0.484,32.0,1.0,note1,
10.0,179.0,70.0,-,0.0,35.1,,37.0,0.0,note1,
9.0,156.0,86.0,28.0,155.0,34.3,1.189,42.0,1.0,Lorem,
,,,24.0,0.0,26.0,0.223,,,note2,
4.0,110.0,76.0,20.0,100.0,28.4,0.118,27.0,0.0,note1,
-,132.0,80.0,null,0.0,26.8,0.186,69.0,0.0,note2,
0.0,??,,,,36.3,0.258,52.0,1.0,,
,117.0,,30.0,unknown,39.1,0.251,42.0,0.0,###,
,130.0,60.0,23.0,,28.6,,21.0,0.0,note1,
1.0,81.0, ,41.0,57.0,,1.096,32.0,,,
2.0,N/A,68.0,13.0,49.0,21.1,,26.0,0.0,note1,
null,180.0,,25.0, ,,unknown,N/A,0.0,??,
,N/A,66.0,null,274.0,41.3,0.502,28.0,1.0,note2,
0.0,,56.0,13.0,105.0,21.8,,21.0,0.0,note1,
 ,113.0, , ,0.0,31.0,,21.0,0.0,??,
10.0,162.0,84.0,0.0,0.0,27.7,0.182,54.0,unknown,###,
 ,173.0,78.0,39.0,185.0,33.8,??,31.0,1.0,Lorem,
8.0,105.0,100.0,36.0,,,0.239,,1.0,??,
,136.0,84.0,N/A,130.0,28.3,,42.0,1.0,note1,
7.0,133.0,null,0.0,0.0,,0.696,null,0.0,??,
1.0,117.0,88.0, ,,34.5,,40.0,1.0,note1,
3.0,,unknown,0.0,0.0,22.6,0.142,unknown,unknown,###,
7.0,142.0,90.0,,480.0,30.4,0.128,43.0,1.0,note1,
3.0,191.0,,15.0,130.0,30.9,,34.0,0.0,Lorem,
 ,149.0,68.0,29.0,127.0,N/A,0.349,42.0,1.0,,
0.0,137.0,68.0,14.0,148.0,24.8,0.143,21.0,0.0,###,
1.0,131.0,64.0,,415.0,23.7,,21.0,0.0,??,
3.0,80.0,82.0,31.0,70.0,,,27.0,1.0,??,
2.0,106.0,,27.0,,,0.426,22.0,0.0,note1,
1.0,N/A,,41.0,-,32.0,??,33.0,,??,
1.0,109.0,38.0, ,,23.1,0.407,??,0.0,note2,
8.0,100.0,76.0,0.0,0.0,38.7,0.19,42.0,N/A,Lorem,
,197.0,??,0.0, ,unknown,1.191,39.0,1.0,Lorem,
0.0,119.0,,0.0,0.0,32.4,0.141,24.0,1.0,??,
N/A,,0.0,-,0.0,N/A,0.342,25.0,0.0,,
8.0,110.0,76.0,,0.0,27.8,0.237,,0.0,###,
4.0,,64.0,27.0,120.0,unknown,0.23,24.0,0.0,??,
2.0,,54.0,unknown,105.0,37.8,,24.0,0.0,Lorem,
6.0,102.0,90.0,N/A,0.0,35.7,,,0.0,note1,
5.0,147.0,78.0,0.0,0.0, ,0.218,65.0,0.0,note1,
null,100.0,66.0,20.0,90.0,,0.867,28.0,1.0,note2,
, ,65.0,,66.0,36.8,0.629,,0.0,note2,
2.0,107.0,74.0,30.0,100.0,33.6,0.404,23.0,0.0,###,
,190.0,92.0,0.0,0.0,35.5,0.278,N/A,1.0,??,
null,114.0,68.0,N/A,0.0,28.7,??,25.0,0.0,###,
,-,68.0,49.0,125.0,38.5,0.439,43.0,1.0,note2,
3.0,130.0,-,23.0,79.0,28.4,0.323,34.0,1.0,,
0.0,180.0,,39.0,0.0,42.0,1.893,25.0,??,Lorem,
8.0,167.0,,46.0,231.0,37.6,0.165,,,note1,
4.0,114.0,65.0,0.0,??,21.9,,,0.0,###,
0.0,97.0,64.0,36.0,100.0,36.8,0.6,25.0,0.0,###,
2.0,82.0,52.0,22.0,115.0,28.5,unknown,25.0,0.0,Lorem,
5.0,,82.0,26.0,285.0,,-,58.0,-,note1,
1.0,103.0,,38.0,83.0,43.3,0.183,33.0,0.0,note2,
3.0,null,70.0,22.0,,36.4,0.408,36.0,N/A,###,
2.0,129.0,unknown,26.0,,33.2,0.591,25.0,0.0,note2,
1.0,80.0,55.0,,0.0,19.1,,21.0,0.0,??,
,99.0,,0.0,,35.4,0.388,50.0,unknown,note2,
2.0,90.0,68.0,42.0,0.0,38.2,0.503,27.0,unknown,Lorem,
5.0,,82.0,,null,,0.156,35.0, ,??,
N/A,97.0,76.0,32.0,N/A,,0.871,32.0,1.0,###,
3.0,111.0,58.0,,??,29.5,,22.0,0.0,??,
6.0,0.0,null,41.0,0.0,,,41.0,,###,
N/A,unknown,0.0,0.0,0.0,,0.63,31.0,,??,
4.0,,70.0,39.0,744.0,36.7,2.329,31.0,0.0,??,
10.0,,85.0,32.0,0.0,34.9,,56.0,N/A,??,
13.0,153.0,88.0,37.0,,40.6,1.174,39.0,0.0,,
??,120.0,86.0,0.0,0.0,28.4,0.259,22.0,1.0,,
0.0,119.0,64.0,18.0,92.0,34.9,,23.0,0.0,###,
6.0,92.0,92.0,0.0,0.0,19.9,,28.0,0.0,??,
-,141.0,0.0,0.0,0.0,??,0.205,,1.0,,
11.0,127.0,106.0,null,0.0,39.0,0.19,51.0,0.0,??,
1.0,109.0,38.0, ,,23.1,0.407,??,0.0,??,
2.0,56.0, ,28.0,45.0,24.2,0.332,22.0,0.0,??,
0.0,104.0,-,37.0,64.0,,0.51,22.0,1.0,Lorem,
,120.0,68.0,,0.0,??,0.709, ,0.0,Lorem,
4.0,,62.0,0.0,0.0,34.0,-,25.0,0.0,note2,
1.0,144.0,82.0,46.0,,46.1,0.335,, ,Lorem,
1.0,-,24.0,19.0,25.0,27.8,0.559,21.0,0.0,note2,
2.0,,,37.0,,39.7,0.215,29.0,0.0,note2,
1.0,95.0,,13.0,38.0,??,0.334,25.0,,note2,
1.0,77.0,56.0,30.0,56.0,33.3,-,24.0,0.0,note1,
